{"H0_local": 73.0, "H0_cosmic": 67.4, "delta": 5.599999999999994, "fractional": 0.08308605341246282}