{"cold_spot_vec": [0.7392641058242299, -0.6659102272001297, -0.10026041666666666], "min_angle_deg": 18.857170697564104, "p_value_alignment": 0.195, "angles_to_axes_deg": [95.75416624342043, 42.33123357004052, 101.95029886255206, 161.1428293024359, 137.6687664299595, 78.04970113744797, 18.857170697564104]}