{"S_bins": [4.764759699642404e-15, 1.3570286267402936e-15, -1.0569995169359924e-15, -1.7073435811051597e-16, 1.364478173514328e-16, -1.3724949314744218e-16, 1.2273757678394634e-16, -1.1179392615615854e-17, 1.1213174003713806e-16, 2.544770952031719e-17, -1.7654819455461664e-17, 7.630203236102549e-17, -4.0956150017277176e-17, -4.744927706474058e-17, 1.8352162840883435e-17, -3.013327103468566e-17, 3.512296008502098e-17, 1.3545834230391802e-17, 3.551349326743884e-18, 3.2228993697200717e-18, 9.856019096347103e-18, -6.469485643815987e-19, 7.473377498127859e-20, 3.4757420431296675e-18, -1.4129020999919123e-18, 3.83404511254613e-19, -1.0546920621373048e-18, 8.105311682590136e-19, 5.980589794633844e-19, -4.670918503815162e-19, -1.7513860694382964e-18, -7.9031117121511935e-19], "S_obs": 5.165369287663475e-15, "p_value": 0.22833333333333333, "lmax": 512, "bin_width": 16, "N_mc": 600}