{"H0_local": 73.0, "H0_cosmic": 67.4, "delta": 5.599999999999994, "fractional": 0.08308605341246282, "predicted_fractional_from_density_ratio": 0.08286497065433104, "matches_within_tol": true}