{"A_d6": -0.05734305639008342, "p_value_d6_axis": 0.008, "axis_d6": [8.81539744144858e-09, 0.0, 1.0], "A_best": 0.06274558862970132, "axis_best": [-0.11689873985992012, -0.13543419016195182, -0.9838659790613451], "angle_best_to_d6_deg": 10.306105147364049}