{"S_bins": [7.596945699854042e-15, -1.9332730833076545e-15, -2.6965392169390165e-17, -1.7501723491985468e-16, 1.5736404296808922e-17, -9.519679968435127e-17, -1.6757588059203304e-16, -7.335884446324263e-17, 5.919197472447378e-17, 3.2002628110679953e-17, 1.0036795225413882e-17, -8.850030494743105e-18, -5.6018115686930696e-18, -6.474604863011936e-19, 2.0145607993405236e-18, -8.09168003324732e-18], "S_obs": 5.221349845291248e-15, "p_value": 0.48, "lmax": 512, "bin_width": 32, "N_mc": 300}