{"v2_axis": [0.009020914419513089, 0.009020914419513089, 0.9999186197916667], "v3_axis": [0.009020914419513089, 0.009020914419513089, -0.9999186197916667], "A23_statistic": 0.9996744924121435}